{"lr": 0.000100377, "loss": 890.3809814453125, "_timestamp": 1681133288.991151, "_runtime": 38.171168088912964, "_step": 13, "_wandb": {"runtime": 37}}