{"lr": 0.00010002700000000001, "loss": 1261.2484130859375, "_timestamp": 1681136979.524804, "_runtime": 49.42166614532471, "_step": 3, "_wandb": {"runtime": 48}}