{"lr": 0.00010010800000000001, "loss": 905.6028442382812, "_timestamp": 1681133893.287462, "_runtime": 39.03262805938721, "_step": 12, "_wandb": {"runtime": 37}}