{"lr": 0.000100036, "loss": 1262.5721435546875, "_timestamp": 1681134195.4671118, "_runtime": 34.9390869140625, "_step": 4, "_wandb": {"runtime": 33}}