{"lr": 0.000100116, "loss": 1256.6419677734375, "_timestamp": 1681133423.0794623, "_runtime": 37.40327739715576, "_step": 4, "_wandb": {"runtime": 37}}