{"lr": 0.001288971, "loss": "utils.metrics.metric_monitor.MetricMonitor.getdic", "_timestamp": 1681050347.6088567, "_runtime": 79.36434078216553, "_step": 40999, "_wandb": {"runtime": 81}}