{"lr": 0.000100882, "loss": 443.90087890625, "_timestamp": 1681137461.5347269, "_runtime": 367.51425194740295, "_step": 98}