{"lr": 0.000100054, "loss": 1229.0186767578125, "_timestamp": 1681133982.5064323, "_runtime": 42.95321035385132, "_step": 6, "_wandb": {"runtime": 41}}