{"lr": 0.00010063800000000001, "loss": 559.653564453125, "_timestamp": 1681133129.3920953, "_runtime": 58.28719139099121, "_step": 22, "_wandb": {"runtime": 57}}