{"lr": 0.000100087, "loss": 1271.3826904296875, "_timestamp": 1681132828.1414242, "_runtime": 42.21789216995239, "_step": 3, "_wandb": {"runtime": 41}}