{"lr": 0.000100377, "loss": 905.0848999023438, "_timestamp": 1681133486.3489966, "_runtime": 39.436386585235596, "_step": 13, "_wandb": {"runtime": 38}}